-- phpMyAdmin SQL Dump
-- version 4.7.7
-- https://www.phpmyadmin.net/
--
-- Host: localhost:3306
-- Generation Time: Jun 05, 2018 at 02:59 PM
-- Server version: 5.6.39
-- PHP Version: 5.6.30
-- 
--
--Created by Mohammad.kazazi@gmail.com

--
-- Table structure for table `cities`
--

CREATE TABLE `cities` (
  `ostan` int(11) DEFAULT NULL,
  `shahrestan` int(11) DEFAULT NULL,
  `city` int(11) DEFAULT NULL,
  `city_name` varchar(17) CHARACTER SET utf8 DEFAULT NULL
) ENGINE=MyISAM DEFAULT CHARSET=latin1;

--
-- Dumping data for table `cities`
--

INSERT INTO `cities` (`ostan`, `shahrestan`, `city`, `city_name`) VALUES
(0, 1, 1101, 'اراک'),
(0, 1, 1678, 'اراک 1'),
(0, 1, 1679, 'اراک 2'),
(0, 1, 1680, 'اراک 3'),
(0, 1, 2858, 'اراک 4'),
(0, 1, 2859, 'اراک 5'),
(0, 7, 1112, 'آستانه'),
(0, 2, 1103, 'آشتیان'),
(0, 6, 2827, 'آوه'),
(0, 10, 2228, 'پرندک'),
(0, 3, 1104, 'تفرش'),
(0, 7, 2582, 'توره'),
(0, 12, 2073, 'جاورسیان'),
(0, 10, 2017, 'خشکرود'),
(0, 4, 1105, 'خمین'),
(0, 13, 2773, 'خنجین'),
(0, 12, 2304, 'خنداب'),
(0, 1, 2536, 'داودآباد'),
(0, 5, 1106, 'دلیجان'),
(0, 10, 2378, 'رازقان'),
(0, 10, 1108, 'زاویه'),
(0, 1, 2074, 'ساروق'),
(0, 6, 1110, 'ساوه'),
(0, 6, 2860, 'ساوه 1'),
(0, 6, 2861, 'ساوه 2'),
(0, 7, 1113, 'شازند'),
(0, 7, 2774, 'شهباز'),
(0, 6, 1111, 'غرق آباد'),
(0, 13, 2136, 'فرمهین'),
(0, 4, 2541, 'قورچی باشی'),
(0, 1, 1600, 'کارچان'),
(0, 11, 1102, 'کمیجان'),
(0, 10, 1109, 'مامونیه'),
(0, 9, 1115, 'محلات'),
(0, 7, 2032, 'مهاجران'),
(0, 11, 2379, 'میلاجرد'),
(0, 5, 1107, 'نراق'),
(0, 6, 2137, 'نوبران'),
(0, 9, 1116, 'نیمور'),
(0, 7, 2380, 'هندودر'),
(1, 12, 2387, 'احمدسرگوراب'),
(1, 4, 2382, 'اسالم'),
(1, 10, 2385, 'اطاقور'),
(1, 13, 1134, 'املش'),
(1, 1, 1117, 'آستارا'),
(1, 2, 1119, 'آستانه اشرفیه'),
(1, 16, 2510, 'بازار جمعه'),
(1, 6, 2383, 'بره سر'),
(1, 3, 1120, 'بندرانزلی'),
(1, 3, 2538, 'بندرانزلی 1'),
(1, 3, 2539, 'بندرانزلی 2'),
(1, 14, 1121, 'پره سر'),
(1, 6, 2229, 'توتكابن'),
(1, 6, 2138, 'جیرنده'),
(1, 7, 1135, 'چابكسر'),
(1, 10, 2076, 'چاف و چمخاله'),
(1, 4, 2585, 'چوبر'),
(1, 4, 2584, 'حویق'),
(1, 5, 1125, 'خشكبیجار'),
(1, 5, 1126, 'خمام'),
(1, 15, 2329, 'دیلمان'),
(1, 13, 2519, 'رانكوه'),
(1, 7, 1136, 'رحیم آباد'),
(1, 6, 2139, 'رستم آباد'),
(1, 5, 1129, 'رشت'),
(1, 5, 1654, 'رشت 1'),
(1, 5, 1655, 'رشت 2'),
(1, 5, 1656, 'رشت 3'),
(1, 5, 2098, 'رشت 4'),
(1, 5, 2099, 'رشت 5'),
(1, 14, 1122, 'رضوانشهر'),
(1, 6, 1132, 'رودبار'),
(1, 11, 2386, 'رودبنه'),
(1, 7, 1137, 'رودسر'),
(1, 5, 1130, 'سنگر'),
(1, 15, 1146, 'سیاهكل'),
(1, 12, 1141, 'شفت'),
(1, 10, 2141, 'شلمان'),
(1, 8, 1140, 'صومعه سرا'),
(1, 9, 1142, 'فومن'),
(1, 7, 1138, 'كلاچائ'),
(1, 5, 1127, 'كوچصفهان'),
(1, 10, 1144, 'كومله'),
(1, 2, 1118, 'كیاشهر'),
(1, 8, 2328, 'گوراب زرمیخ'),
(1, 11, 1147, 'لاهیجان'),
(1, 5, 1128, 'لشت نشاء'),
(1, 10, 1145, 'لنگرود'),
(1, 6, 1131, 'لوشان'),
(1, 5, 2075, 'لولمان'),
(1, 1, 2583, 'لوندویل'),
(1, 4, 2381, 'لیسار'),
(1, 16, 1123, 'ماسال'),
(1, 9, 1143, 'ماسوله'),
(1, 9, 2804, 'ماکلوان'),
(1, 8, 2140, 'مرجقل'),
(1, 6, 1133, 'منجیل'),
(1, 4, 1124, 'هشتپر (تالش)'),
(1, 7, 1139, 'واجارگاه'),
(2, 10, 2747, 'ارطه'),
(2, 1, 2772, 'امامزاده عبدالله'),
(2, 2, 1153, 'امیركلا'),
(2, 14, 2648, 'ایزدشهر'),
(2, 8, 1170, 'آلاشت'),
(2, 1, 1149, 'آمل'),
(2, 2, 1154, 'بابل'),
(2, 2, 2743, 'بابل 1'),
(2, 2, 2744, 'بابل 2'),
(2, 16, 1151, 'بابلسر'),
(2, 14, 2396, 'بلده'),
(2, 4, 1158, 'بهشهر'),
(2, 16, 2393, 'بهنمیر'),
(2, 7, 2746, 'پایین هولار'),
(2, 8, 1171, 'پل سفید'),
(2, 15, 2713, 'پول'),
(2, 5, 1161, 'تنكابن'),
(2, 21, 1175, 'جویبار'),
(2, 20, 1190, 'چالوس'),
(2, 14, 2119, 'چمستان'),
(2, 5, 1162, 'خرم آباد'),
(2, 4, 2647, 'خلیل شهر'),
(2, 2, 2389, 'خوش رودپی'),
(2, 1, 2586, 'دابودشت'),
(2, 6, 1167, 'رامسر'),
(2, 4, 1159, 'رستمكلا'),
(2, 14, 1193, 'رویان'),
(2, 1, 1148, 'رینه'),
(2, 2, 2392, 'زرگرمحله'),
(2, 8, 1172, 'زیرآب'),
(2, 7, 2740, 'ساری 1'),
(2, 7, 2741, 'ساری 2'),
(2, 7, 2742, 'ساری 3'),
(2, 7, 1169, 'سارئ'),
(2, 18, 2395, 'سرخرود'),
(2, 24, 1163, 'سلمان شهر'),
(2, 25, 2305, 'سورك'),
(2, 27, 1173, 'شیرگاه'),
(2, 5, 1100, 'شیرود'),
(2, 24, 1164, 'عباس اباد'),
(2, 23, 1152, 'فریدونكنار'),
(2, 7, 2588, 'فریم'),
(2, 10, 1176, 'قائم شهر'),
(2, 6, 1168, 'كتالم وسادات شهر'),
(2, 21, 2397, 'كوهی خیل'),
(2, 7, 2170, 'كیاسر'),
(2, 15, 2779, 'کجور'),
(2, 24, 1165, 'کلارآباد'),
(2, 28, 1191, 'کلاردشت'),
(2, 26, 1177, 'کیاکلا'),
(2, 2, 2587, 'گتاب'),
(2, 1, 2388, 'گزنك'),
(2, 2, 2390, 'گلوگاه'),
(2, 22, 1157, 'گلوگاه'),
(2, 18, 1150, 'محمودآباد'),
(2, 20, 1192, 'مرزن آباد'),
(2, 2, 2391, 'مرزیكلا'),
(2, 5, 1166, 'نشتارود'),
(2, 19, 1160, 'نكا'),
(2, 14, 1189, 'نور'),
(2, 15, 1194, 'نوشهر'),
(2, 16, 2394, 'هادی شهر'),
(2, 20, 2748, 'هچیرود'),
(3, 10, 2842, 'اچاچی'),
(3, 22, 1204, 'اسکو'),
(3, 2, 1200, 'اهر'),
(3, 22, 1205, 'ایلخچی'),
(3, 15, 2545, 'آبش احمد'),
(3, 21, 1201, 'آذرشهر'),
(3, 10, 2401, 'آقکند'),
(3, 3, 1213, 'باسمنج'),
(3, 16, 2230, 'بخشایش'),
(3, 13, 1207, 'بستان آباد'),
(3, 12, 1221, 'بناب'),
(3, 7, 2589, 'بناب مرند'),
(3, 3, 1214, 'تبریز'),
(3, 3, 2072, 'تبریز 10'),
(3, 3, 2071, 'تبریز 9'),
(3, 3, 1621, 'تبریز1-'),
(3, 3, 1622, 'تبریز2-'),
(3, 3, 1623, 'تبریز3-'),
(3, 3, 1624, 'تبریز4-'),
(3, 3, 1651, 'تبریز5'),
(3, 3, 1652, 'تبریز6'),
(3, 3, 1653, 'تبریز7'),
(3, 3, 2521, 'تبریز8'),
(3, 10, 2402, 'ترک'),
(3, 10, 2144, 'ترکمانچای'),
(3, 14, 1208, 'تسوج'),
(3, 13, 2295, 'تیکمه داش'),
(3, 21, 2763, 'تیمورلو'),
(3, 19, 1225, 'جلفا'),
(3, 25, 2843, 'جوان قلعه'),
(3, 24, 2398, 'خاروانا'),
(3, 14, 1209, 'خامنه'),
(3, 6, 2331, 'خداجو(خراجو)'),
(3, 3, 1206, 'خسروشاه'),
(3, 26, 2332, 'خمارلو'),
(3, 16, 2146, 'خواجه'),
(3, 5, 2399, 'دوزدوزان'),
(3, 16, 2147, 'زرنق'),
(3, 7, 1227, 'زنوز'),
(3, 5, 1220, 'سراب'),
(3, 3, 1215, 'سردرود'),
(3, 22, 2033, 'سهند'),
(3, 14, 2148, 'سیس'),
(3, 19, 2497, 'سیه رود'),
(3, 14, 1210, 'شبستر'),
(3, 5, 2330, 'شربیان'),
(3, 14, 1211, 'شرفخانه'),
(3, 14, 2101, 'شندآباد'),
(3, 14, 1212, 'صوفیان'),
(3, 25, 1222, 'عجب شیر'),
(3, 23, 2145, 'قره آغاج'),
(3, 7, 2143, 'کشکسرای'),
(3, 16, 2333, 'کلوانق'),
(3, 15, 1199, 'کلیبر'),
(3, 14, 2544, 'کوزه کنان'),
(3, 21, 1202, 'گوگان'),
(3, 20, 2296, 'لیلان'),
(3, 20, 2844, 'مبارک شهر'),
(3, 6, 1223, 'مراغه'),
(3, 6, 1649, 'مراغه 1'),
(3, 6, 1650, 'مراغه 2'),
(3, 7, 1228, 'مرند'),
(3, 20, 1224, 'ملکان'),
(3, 21, 1203, 'ممقان'),
(3, 5, 1216, 'مهربان'),
(3, 10, 1233, 'میانه'),
(3, 11, 2590, 'نظرکهریزی'),
(3, 19, 1226, 'هادیشهر'),
(3, 16, 1217, 'هریس'),
(3, 11, 1234, 'هشترود'),
(3, 2, 2294, 'هوراند'),
(3, 14, 2149, 'وایقان'),
(3, 24, 2142, 'ورزقان'),
(3, 7, 2400, 'یامچی'),
(4, 1, 1235, 'ارومیه'),
(4, 1, 2853, 'ارومیه  5'),
(4, 1, 2528, 'ارومیه 1'),
(4, 1, 2529, 'ارومیه 2'),
(4, 1, 2530, 'ارومیه 3'),
(4, 1, 2531, 'ارومیه 4'),
(4, 13, 1252, 'اشنویه'),
(4, 3, 2405, 'ایواوغلی'),
(4, 14, 2549, 'آواجیق'),
(4, 8, 2592, 'باروق'),
(4, 6, 2231, 'بازرگان'),
(4, 10, 1247, 'بوكان'),
(4, 15, 1243, 'پلدشت'),
(4, 2, 1236, 'پیرانشهر'),
(4, 5, 1241, 'تازه شهر'),
(4, 12, 1249, 'تكاب'),
(4, 8, 2232, 'چهاربرج'),
(4, 7, 2734, 'خلیفان'),
(4, 3, 1238, 'خوئ'),
(4, 3, 2043, 'دیزج دیز'),
(4, 4, 2547, 'ربط'),
(4, 3, 2735, 'زرآباد'),
(4, 4, 1240, 'سردشت'),
(4, 1, 2404, 'سرو'),
(4, 5, 1242, 'سلماس'),
(4, 1, 2403, 'سیلوانه'),
(4, 10, 2548, 'سیمینه'),
(4, 14, 1245, 'سیه چشمه'),
(4, 11, 1250, 'شاهین دژ'),
(4, 17, 1244, 'شوط'),
(4, 3, 1239, 'فیرورق'),
(4, 16, 1237, 'قره ضیاءالدین'),
(4, 3, 2044, 'قطور'),
(4, 1, 2150, 'قوشچی'),
(4, 11, 2407, 'كشاورز'),
(4, 2, 2546, 'گردكشانه'),
(4, 6, 1246, 'ماكو'),
(4, 9, 1253, 'محمدیار'),
(4, 11, 2591, 'محمودآباد'),
(4, 17, 2736, 'مرگنلر'),
(4, 7, 1248, 'مهاباد'),
(4, 8, 1251, 'میاندوآب'),
(4, 4, 2406, 'میرآباد'),
(4, 15, 2733, 'نازك علیا'),
(4, 13, 2408, 'نالوس'),
(4, 9, 1254, 'نقده'),
(4, 1, 2151, 'نوشین'),
(5, 12, 2593, 'ازگله'),
(5, 1, 1256, 'اسلام آبادغرب'),
(5, 3, 2761, 'بانوره'),
(5, 3, 2103, 'باینگان'),
(5, 11, 2233, 'بیستون'),
(5, 3, 1261, 'پاوه'),
(5, 12, 2185, 'تازه آباد'),
(5, 9, 1260, 'جوانرود'),
(5, 1, 2411, 'حمیل'),
(5, 2, 2196, 'رباط'),
(5, 14, 2102, 'روانسر'),
(5, 13, 2760, 'ریجاب'),
(5, 4, 1264, 'سرپل ذهاب'),
(5, 8, 2413, 'سرمست'),
(5, 5, 2594, 'سطر'),
(5, 5, 1265, 'سنقر'),
(5, 6, 2197, 'سومار'),
(5, 14, 2034, 'شاهو'),
(5, 10, 1257, 'صحنه'),
(5, 6, 1266, 'قصرشیرین'),
(5, 2, 1258, 'کرمانشاه'),
(5, 2, 1666, 'کرمانشاه 1'),
(5, 2, 1667, 'کرمانشاه 2'),
(5, 2, 1668, 'کرمانشاه 3'),
(5, 2, 1669, 'کرمانشاه 4'),
(5, 2, 1670, 'کرمانشاه 5'),
(5, 2, 1671, 'کرمانشاه 6'),
(5, 2, 2856, 'کرمانشاه 7'),
(5, 2, 2857, 'کرمانشاه 8'),
(5, 13, 1255, 'کرند'),
(5, 7, 1267, 'کنگاور'),
(5, 2, 2412, 'کوزران'),
(5, 13, 2409, 'گهواره'),
(5, 7, 2834, 'گودین'),
(5, 8, 1268, 'گیلانغرب'),
(5, 10, 2414, 'میان راهان'),
(5, 3, 1262, 'نودشه'),
(5, 3, 1263, 'نوسود'),
(5, 11, 1259, 'هرسین'),
(5, 2, 2410, 'هلشی'),
(6, 9, 2796, 'ابوحمیظه'),
(6, 1, 1269, 'اروندکنار'),
(6, 3, 2791, 'الهایی'),
(6, 14, 2314, 'الوان'),
(6, 16, 2111, 'امیدیه'),
(6, 2, 1271, 'اندیمشک'),
(6, 3, 1272, 'اهواز'),
(6, 3, 1625, 'اهواز1'),
(6, 3, 1626, 'اهواز2'),
(6, 3, 1684, 'اهواز3'),
(6, 3, 1685, 'اهواز4'),
(6, 3, 1686, 'اهواز5'),
(6, 3, 2668, 'اهواز6'),
(6, 3, 2669, 'اهواز7'),
(6, 3, 2670, 'اهواز8'),
(6, 4, 1274, 'ایذه'),
(6, 1, 1270, 'آبادان'),
(6, 1, 1687, 'آبادان 1'),
(6, 1, 1688, 'آبادان 2'),
(6, 1, 2855, 'آبادان 3'),
(6, 21, 2799, 'آبژدان'),
(6, 2, 2801, 'آزادی'),
(6, 26, 1278, 'آغاجاری'),
(6, 15, 1273, 'باغ ملک'),
(6, 9, 1283, 'بستان'),
(6, 5, 1275, 'بندرامام خمینی'),
(6, 5, 1276, 'بندرماهشهر'),
(6, 6, 1279, 'بهبهان'),
(6, 2, 2803, 'بیدروبه'),
(6, 20, 2007, 'ترکالکی'),
(6, 6, 2798, 'تشان'),
(6, 16, 2420, 'جایزان'),
(6, 20, 2716, 'جنت مکان'),
(6, 8, 2717, 'چغامیش'),
(6, 2, 2802, 'چم گلک'),
(6, 5, 2311, 'چمران'),
(6, 1, 2010, 'چویبده'),
(6, 14, 2649, 'حر'),
(6, 2, 2595, 'حسینیه'),
(6, 8, 2035, 'حمزه'),
(6, 25, 2105, 'حمیدیه'),
(6, 7, 1280, 'خرمشهر'),
(6, 11, 2794, 'خنافره'),
(6, 11, 2008, 'دارخوین'),
(6, 8, 1282, 'دزفول'),
(6, 8, 2865, 'دزفول  3'),
(6, 8, 1689, 'دزفول 1'),
(6, 8, 1690, 'دزفول 2'),
(6, 4, 2415, 'دهدز'),
(6, 19, 1286, 'رامشیر'),
(6, 10, 1287, 'رامهرمز'),
(6, 23, 2313, 'رفیع'),
(6, 18, 2650, 'زهره'),
(6, 8, 2416, 'سالند'),
(6, 12, 2792, 'سرداران'),
(6, 6, 2500, 'سردشت'),
(6, 20, 2715, 'سماله'),
(6, 9, 1284, 'سوسنگرد'),
(6, 8, 2800, 'سیاه منصور'),
(6, 11, 1288, 'شادگان'),
(6, 14, 2037, 'شاوور'),
(6, 12, 2036, 'شرافت'),
(6, 8, 2100, 'شمس آباد'),
(6, 8, 2417, 'شهر امام'),
(6, 14, 1281, 'شوش'),
(6, 12, 1290, 'شوشتر'),
(6, 24, 2310, 'شیبان'),
(6, 20, 2009, 'صالح شهر'),
(6, 8, 2418, 'صفی آباد'),
(6, 15, 2596, 'صیدون'),
(6, 14, 2718, 'فتح المبین'),
(6, 15, 2551, 'قلعه تل'),
(6, 21, 2550, 'قلعه خواجه'),
(6, 9, 2795, 'کوت سیدنعیم'),
(6, 27, 2790, 'کوت عبداله'),
(6, 20, 1289, 'گتوند'),
(6, 13, 2793, 'گلگیر'),
(6, 12, 2714, 'گوریه'),
(6, 17, 2104, 'لالی'),
(6, 13, 1291, 'مسجدسلیمان'),
(6, 13, 2671, 'مسجدسلیمان 1'),
(6, 13, 2672, 'مسجدسلیمان 2'),
(6, 19, 2719, 'مشراگه'),
(6, 7, 2334, 'مقاومت'),
(6, 24, 2106, 'ملاثانی'),
(6, 6, 2797, 'منصوریه'),
(6, 8, 2419, 'میانرود'),
(6, 15, 2720, 'میداود'),
(6, 7, 2312, 'مینوشهر'),
(6, 22, 1292, 'هفتگل'),
(6, 18, 1277, 'هندیجان'),
(6, 23, 1285, 'هویزه'),
(6, 24, 2309, 'ویس'),
(7, 6, 1304, 'اردکان'),
(7, 17, 1321, 'ارسنجان'),
(7, 2, 1298, 'استهبان'),
(7, 21, 2708, 'اسیر'),
(7, 15, 2212, 'اشکنان'),
(7, 20, 2653, 'افزر'),
(7, 3, 1299, 'اقلید'),
(7, 20, 2011, 'امام شهر'),
(7, 15, 2235, 'اهل'),
(7, 11, 1316, 'اوز'),
(7, 2, 2552, 'ایج'),
(7, 1, 2335, 'ایزدخواست'),
(7, 1, 1296, 'آباده'),
(7, 14, 2199, 'آباده طشک'),
(7, 4, 2234, 'باب انار'),
(7, 13, 2781, 'بابامنیر'),
(7, 10, 2423, 'بالاده'),
(7, 11, 2182, 'بنارویه'),
(7, 1, 2198, 'بهمن'),
(7, 16, 1295, 'بوانات'),
(7, 11, 2219, 'بیرم'),
(7, 6, 2503, 'بیضا'),
(7, 5, 2179, 'جنت شهر'),
(7, 4, 1301, 'جهرم'),
(7, 11, 2183, 'جویم'),
(7, 19, 1302, 'حاجی آباد'),
(7, 16, 2095, 'حسامی'),
(7, 3, 2082, 'حسن اباد'),
(7, 7, 2057, 'خانه زنیان'),
(7, 12, 2776, 'خانیمن'),
(7, 4, 1300, 'خاوران'),
(7, 29, 1308, 'خرامه'),
(7, 10, 2109, 'خشت'),
(7, 24, 1317, 'خنج'),
(7, 11, 2553, 'خور'),
(7, 21, 2820, 'خوزی'),
(7, 13, 2712, 'خومه زار'),
(7, 5, 1303, 'داراب'),
(7, 7, 2298, 'داریان'),
(7, 19, 2651, 'دبیران'),
(7, 3, 2014, 'دژکرد'),
(7, 22, 2059, 'دهرم'),
(7, 5, 2081, 'دوبرجی'),
(7, 4, 2707, 'دوزه'),
(7, 12, 2080, 'رامجرد'),
(7, 2, 2177, 'رونیز'),
(7, 8, 2107, 'زاهدشهر'),
(7, 7, 1305, 'زرقان'),
(7, 3, 2297, 'سده'),
(7, 25, 1306, 'سروستان'),
(7, 23, 1322, 'سعادت شهر'),
(7, 29, 2782, 'سلطان شهر'),
(7, 1, 2597, 'سورمق'),
(7, 12, 2336, 'سیدان'),
(7, 8, 2180, 'ششده'),
(7, 19, 2558, 'شهرپیر'),
(7, 7, 2015, 'شهرصدرا'),
(7, 7, 1309, 'شیراز'),
(7, 7, 1627, 'شیراز1'),
(7, 7, 2864, 'شیراز10'),
(7, 7, 1628, 'شیراز2'),
(7, 7, 1693, 'شیراز3'),
(7, 7, 1694, 'شیراز4'),
(7, 7, 1695, 'شیراز5'),
(7, 7, 1696, 'شیراز6'),
(7, 7, 2532, 'شیراز7'),
(7, 7, 2533, 'شیراز8'),
(7, 7, 2738, 'شیراز9'),
(7, 1, 1297, 'صغاد'),
(7, 18, 1294, 'صفاشهر'),
(7, 15, 2236, 'علامرودشت'),
(7, 11, 2709, 'عمادده'),
(7, 5, 2016, 'فدامی'),
(7, 22, 1311, 'فراشبند'),
(7, 8, 1310, 'فسا'),
(7, 9, 1313, 'فیروزآباد'),
(7, 18, 1323, 'قادراباد'),
(7, 10, 2108, 'قایمیه'),
(7, 8, 2762, 'قره بلاغ'),
(7, 4, 2178, 'قطب آباد'),
(7, 14, 2058, 'قطرویه'),
(7, 20, 1312, 'قیر'),
(7, 20, 2422, 'کارزین (فتح آباد)'),
(7, 10, 1315, 'کازرون'),
(7, 12, 2555, 'کامفیروز'),
(7, 16, 2557, 'کره ای'),
(7, 10, 2181, 'کنارتخته'),
(7, 28, 1307, 'کوار'),
(7, 26, 2777, 'کوپن'),
(7, 25, 2710, 'کوهنجان'),
(7, 27, 1319, 'گراش'),
(7, 21, 2425, 'گله دار'),
(7, 11, 1320, 'لار'),
(7, 15, 1318, 'لامرد'),
(7, 7, 2421, 'لپویی'),
(7, 11, 2013, 'لطیفی'),
(7, 23, 2783, 'مادرسلیمان'),
(7, 20, 2012, 'مبارک آباددیز'),
(7, 12, 1324, 'مرودشت'),
(7, 16, 2780, 'مزایجان'),
(7, 14, 2556, 'مشکان'),
(7, 26, 2337, 'مصیری'),
(7, 21, 2211, 'مهر'),
(7, 8, 2829, 'میانشهر'),
(7, 9, 1314, 'میمند'),
(7, 8, 2652, 'نوبندگان'),
(7, 22, 2060, 'نوجین'),
(7, 10, 2424, 'نودان'),
(7, 13, 1325, 'نورآباد'),
(7, 14, 1326, 'نی ریز'),
(7, 6, 2711, 'هماشهر'),
(7, 21, 2559, 'وراوی'),
(8, 8, 2428, 'اختیارآباد'),
(8, 23, 2315, 'ارزوئیه'),
(8, 20, 2318, 'امین شهر'),
(8, 20, 1334, 'انار'),
(8, 8, 2603, 'اندوهجرد'),
(8, 8, 2239, 'باغین'),
(8, 1, 1328, 'بافت'),
(8, 10, 1348, 'بردسیر'),
(8, 2, 1331, 'بروات'),
(8, 1, 2200, 'بزنجان'),
(8, 6, 2825, 'بلورد'),
(8, 3, 2769, 'بلوک'),
(8, 2, 1330, 'بم'),
(8, 4, 2427, 'بهرمان'),
(8, 6, 2561, 'پاریز'),
(8, 3, 2237, 'جبالبارز'),
(8, 8, 1343, 'جوپار'),
(8, 7, 2031, 'جوزم'),
(8, 3, 1332, 'جیرفت'),
(8, 8, 1345, 'چترود'),
(8, 7, 2086, 'خاتون اباد'),
(8, 5, 2201, 'خانوك'),
(8, 6, 2823, 'خواجو شهر'),
(8, 7, 2030, 'خورسند'),
(8, 3, 2339, 'درب بهشت'),
(8, 10, 2824, 'دشتکار'),
(8, 7, 2238, 'دهج'),
(8, 12, 2721, 'دوساری'),
(8, 18, 1327, 'رابر'),
(8, 11, 1340, 'راور'),
(8, 8, 1329, 'راین'),
(8, 4, 1335, 'رفسنجان'),
(8, 15, 2325, 'رودبار'),
(8, 5, 2600, 'ریحان'),
(8, 5, 1337, 'زرند'),
(8, 8, 2323, 'زنگی آباد'),
(8, 15, 2821, 'زهکلوت'),
(8, 6, 2320, 'زیدآباد'),
(8, 6, 1338, 'سیرجان'),
(8, 6, 2675, 'سیرجان 1'),
(8, 6, 2676, 'سیرجان 2'),
(8, 8, 1341, 'شهداد'),
(8, 7, 1339, 'شهربابك'),
(8, 4, 2085, 'صفائیه'),
(8, 12, 1333, 'عنبرآباد'),
(8, 22, 2429, 'فاریاب'),
(8, 19, 2317, 'فهرج'),
(8, 16, 2176, 'قلعه گنج'),
(8, 8, 2324, 'كاظم آباد'),
(8, 8, 1346, 'كرمان'),
(8, 8, 1675, 'كرمان 1'),
(8, 8, 1676, 'كرمان 2'),
(8, 8, 1677, 'كرمان 3'),
(8, 8, 2534, 'كرمان 4'),
(8, 4, 2319, 'كشكوئیه'),
(8, 9, 1347, 'كهنوج'),
(8, 14, 1336, 'كوهبنان'),
(8, 14, 2110, 'كیانشهر'),
(8, 8, 1342, 'گلباف'),
(8, 10, 2241, 'گلزار'),
(8, 17, 2822, 'گنبکی'),
(8, 10, 2065, 'لاله زار'),
(8, 8, 1344, 'ماهان'),
(8, 17, 2316, 'محمدآباد'),
(8, 8, 2321, 'محی آباد'),
(8, 12, 2602, 'مردهك'),
(8, 4, 2227, 'مس سرچشمه'),
(8, 13, 2240, 'منوجان'),
(8, 6, 2340, 'نجف شهر'),
(8, 21, 2338, 'نرماشیر'),
(8, 21, 2598, 'نظام شهر'),
(8, 10, 2326, 'نگار'),
(8, 13, 2604, 'نودژ'),
(8, 11, 2599, 'هجدك'),
(8, 6, 2722, 'هماشهر'),
(8, 18, 2771, 'هنزا'),
(8, 5, 2601, 'یزدان شهر'),
(9, 6, 2067, 'احمدابادصولت'),
(9, 23, 2440, 'انابد'),
(9, 13, 1376, 'باجگیران'),
(9, 37, 2134, 'باخرز'),
(9, 17, 2041, 'بار'),
(9, 5, 2341, 'بایك'),
(9, 31, 1382, 'بجستان'),
(9, 23, 1379, 'بردسكن'),
(9, 15, 1383, 'بیدخت'),
(9, 4, 1357, 'تایباد'),
(9, 6, 1363, 'تربت جام'),
(9, 5, 1361, 'تربت حیدریه'),
(9, 34, 1596, 'جغتائ'),
(9, 27, 2606, 'جنگل'),
(9, 7, 2202, 'چاپشلو'),
(9, 17, 2564, 'چكنه'),
(9, 18, 1386, 'چناران'),
(9, 17, 2349, 'خرو'),
(9, 29, 1380, 'خلیل آباد'),
(9, 19, 1358, 'خواف'),
(9, 39, 2244, 'داورزن'),
(9, 7, 1365, 'درگز'),
(9, 17, 1393, 'درود'),
(9, 35, 2135, 'دولت آباد'),
(9, 5, 2434, 'رباط سنگ'),
(9, 27, 1359, 'رشتخوار'),
(9, 16, 2436, 'رضویه'),
(9, 8, 2245, 'روداب'),
(9, 14, 2348, 'ریوش'),
(9, 8, 1367, 'سبزوار'),
(9, 8, 2677, 'سبزوار1'),
(9, 8, 2678, 'سبزوار2'),
(9, 20, 1387, 'سرخس'),
(9, 22, 2608, 'سفیدسنگ'),
(9, 19, 2605, 'سلامی'),
(9, 38, 2343, 'سلطان آباد'),
(9, 19, 2213, 'سنگان'),
(9, 30, 2069, 'شادمهر'),
(9, 32, 1388, 'شاندیز'),
(9, 8, 2344, 'ششتمد'),
(9, 23, 2090, 'شهراباد'),
(9, 28, 2609, 'شهرزو'),
(9, 6, 1362, 'صالح آباد'),
(9, 32, 1389, 'طرقبه'),
(9, 17, 2438, 'عشق آباد'),
(9, 22, 2566, 'فرهادگرد'),
(9, 22, 1390, 'فریمان'),
(9, 33, 2220, 'فیروزه'),
(9, 30, 1360, 'فیض آباد'),
(9, 19, 2439, 'قاسم آباد'),
(9, 17, 2246, 'قدمگاه'),
(9, 22, 2442, 'قلندرآباد'),
(9, 13, 1378, 'قوچان'),
(9, 15, 1384, 'كاخك'),
(9, 4, 2562, 'كاریز'),
(9, 14, 1381, 'كاشمر'),
(9, 5, 2243, 'كدكن'),
(9, 28, 1391, 'كلات'),
(9, 29, 2656, 'كندر'),
(9, 18, 2854, 'گلبهار'),
(9, 18, 2068, 'گلمكان'),
(9, 15, 1385, 'گناباد'),
(9, 7, 1364, 'لطف آباد'),
(9, 20, 2607, 'مزدآوند'),
(9, 16, 1392, 'مشهد'),
(9, 16, 2000, 'مشهد 12'),
(9, 16, 2526, 'مشهد ثامن'),
(9, 16, 1629, 'مشهد1'),
(9, 16, 1648, 'مشهد10'),
(9, 16, 2524, 'مشهد11'),
(9, 16, 1630, 'مشهد2'),
(9, 16, 1631, 'مشهد3'),
(9, 16, 1632, 'مشهد4'),
(9, 16, 1643, 'مشهد5'),
(9, 16, 1644, 'مشهد6'),
(9, 16, 1645, 'مشهد7'),
(9, 16, 1646, 'مشهد8'),
(9, 16, 1647, 'مشهد9'),
(9, 4, 2654, 'مشهدریزه'),
(9, 16, 2437, 'ملك آباد'),
(9, 19, 2565, 'نشتیفان'),
(9, 6, 2342, 'نصرآباد'),
(9, 36, 2184, 'نقاب'),
(9, 7, 1366, 'نوخندان'),
(9, 17, 1394, 'نیشابور'),
(9, 17, 2786, 'نیشابور 1'),
(9, 17, 2787, 'نیشابور 2'),
(9, 6, 2655, 'نیل شهر'),
(9, 33, 2066, 'همت آباد'),
(9, 31, 2610, 'یونسی'),
(10, 8, 2252, 'ابریشم'),
(10, 18, 2279, 'ابوزیدآباد'),
(10, 1, 1395, 'اردستان'),
(10, 2, 2248, 'اژیه'),
(10, 3, 2755, 'اصغرآباد'),
(10, 2, 1406, 'اصفهان'),
(10, 2, 1633, 'اصفهان 1'),
(10, 2, 1642, 'اصفهان 10'),
(10, 2, 2554, 'اصفهان 11'),
(10, 2, 2001, 'اصفهان 12'),
(10, 2, 2002, 'اصفهان 13'),
(10, 2, 2089, 'اصفهان 14'),
(10, 2, 1407, 'اصفهان 15'),
(10, 2, 1634, 'اصفهان 2'),
(10, 2, 1635, 'اصفهان 3'),
(10, 2, 1636, 'اصفهان 4'),
(10, 2, 1637, 'اصفهان 5'),
(10, 2, 1638, 'اصفهان 6'),
(10, 2, 1639, 'اصفهان 7'),
(10, 2, 1640, 'اصفهان 8'),
(10, 2, 1641, 'اصفهان 9'),
(10, 24, 2250, 'افوس'),
(10, 13, 1433, 'انارک'),
(10, 8, 2445, 'ایمانشهر'),
(10, 18, 1423, 'آران وبیدگل'),
(10, 15, 1441, 'بادرود'),
(10, 12, 1429, 'باغ بهادران'),
(10, 12, 2788, 'باغشاد'),
(10, 13, 2078, 'بافران'),
(10, 10, 2542, 'برزک'),
(10, 7, 2569, 'برف انبار'),
(10, 8, 2444, 'بهاران شهر'),
(10, 2, 2611, 'بهارستان'),
(10, 24, 1416, 'بویین ومیاندشت'),
(10, 8, 2215, 'پیربکران'),
(10, 2, 2513, 'تودشک'),
(10, 19, 1436, 'تیران'),
(10, 23, 2203, 'جندق'),
(10, 14, 2045, 'جوزدان'),
(10, 10, 2447, 'جوشقان قالی'),
(10, 20, 1415, 'چادگان'),
(10, 12, 2121, 'چرمهین'),
(10, 12, 1430, 'چمگردان'),
(10, 22, 1397, 'حبیب آباد'),
(10, 2, 2187, 'حسن اباد'),
(10, 5, 2249, 'حنا'),
(10, 15, 2612, 'خالدآباد'),
(10, 3, 1410, 'خمینی شهر'),
(10, 4, 1413, 'خوانسار'),
(10, 23, 1434, 'خور'),
(10, 22, 1398, 'خورزوق'),
(10, 6, 1417, 'داران'),
(10, 6, 2251, 'دامنه'),
(10, 3, 1411, 'درچه'),
(10, 22, 1399, 'دستگرد'),
(10, 21, 1421, 'دهاقان'),
(10, 14, 1437, 'دهق'),
(10, 22, 1400, 'دولت آباد'),
(10, 17, 2189, 'دیزیچه'),
(10, 20, 2352, 'رزوه'),
(10, 19, 2573, 'رضوانشهر'),
(10, 8, 2789, 'زازران'),
(10, 12, 2504, 'زاینده رود'),
(10, 12, 1431, 'زرین شهر'),
(10, 1, 1396, 'زواره'),
(10, 2, 2830, 'زیار'),
(10, 17, 2572, 'زیباشهر'),
(10, 2, 2350, 'سجزی'),
(10, 12, 1432, 'سده لنجان'),
(10, 18, 2543, 'سفیدشهر'),
(10, 5, 1414, 'سمیرم'),
(10, 22, 2756, 'سین'),
(10, 22, 2094, 'شاپورآباد'),
(10, 16, 1401, 'شاهین شهر'),
(10, 9, 1422, 'شهرضا'),
(10, 17, 2204, 'طالخونچه'),
(10, 15, 2754, 'طرق رود'),
(10, 19, 2449, 'عسگران'),
(10, 14, 1438, 'علویجه'),
(10, 23, 2077, 'فرخی'),
(10, 7, 1418, 'فریدونشهر'),
(10, 8, 1419, 'فلاورجان'),
(10, 12, 2128, 'فولادشهر'),
(10, 10, 1424, 'قمصر'),
(10, 2, 2021, 'قهجاورستان'),
(10, 8, 1439, 'قهدریجان'),
(10, 10, 1425, 'کاشان'),
(10, 10, 2831, 'کامو و چوگان'),
(10, 17, 2448, 'کرکوند'),
(10, 8, 1420, 'کلیشادوسودرجان'),
(10, 22, 2571, 'کمشچه'),
(10, 5, 2443, 'کمه'),
(10, 14, 2570, 'کهریزسنگ'),
(10, 3, 2188, 'کوشک'),
(10, 2, 1403, 'کوهپایه'),
(10, 16, 1597, 'گرگاب'),
(10, 16, 1402, 'گزبرخوار'),
(10, 11, 1426, 'گلپایگان'),
(10, 14, 2122, 'گلدشت'),
(10, 21, 2093, 'گلشن'),
(10, 11, 2511, 'گلشهر'),
(10, 11, 1427, 'گوگد'),
(10, 16, 1598, 'لای بید'),
(10, 17, 1428, 'مبارکه'),
(10, 17, 1599, 'مجلسی'),
(10, 2, 2247, 'محمدآباد'),
(10, 10, 2657, 'مشکات'),
(10, 9, 2446, 'منظریه'),
(10, 1, 2214, 'مهاباد'),
(10, 16, 1408, 'میمه'),
(10, 13, 1435, 'نایین'),
(10, 14, 1440, 'نجف آباد'),
(10, 2, 2512, 'نصرآباد'),
(10, 15, 1442, 'نطنز'),
(10, 18, 2505, 'نوش آباد'),
(10, 10, 2302, 'نیاسر'),
(10, 2, 2186, 'نیک آباد'),
(10, 2, 1405, 'هرند'),
(10, 2, 1404, 'ورزنه'),
(10, 12, 2112, 'ورنامخواست'),
(10, 16, 1409, 'وزوان'),
(10, 5, 2351, 'ونک'),
(11, 15, 2353, 'ادیمی'),
(11, 7, 2506, 'اسپكه'),
(11, 1, 1443, 'ایرانشهر'),
(11, 1, 2450, 'بزمان'),
(11, 1, 2172, 'بمپور'),
(11, 7, 2456, 'بنت'),
(11, 4, 2453, 'بنجار'),
(11, 8, 2501, 'پیشین'),
(11, 6, 2191, 'جالق'),
(11, 2, 1446, 'چابهار'),
(11, 3, 1449, 'خاش'),
(11, 11, 2514, 'دوست محمد'),
(11, 8, 2461, 'راسك'),
(11, 4, 1450, 'زابل'),
(11, 5, 1451, 'زاهدان'),
(11, 5, 1681, 'زاهدان 1'),
(11, 5, 1682, 'زاهدان 2'),
(11, 5, 1683, 'زاهدان 3'),
(11, 5, 2862, 'زاهدان 4'),
(11, 5, 2863, 'زاهدان 5'),
(11, 9, 2739, 'زرآباد'),
(11, 10, 2173, 'زهك'),
(11, 6, 1453, 'سراوان'),
(11, 8, 2499, 'سرباز'),
(11, 14, 2174, 'سوران'),
(11, 6, 2455, 'سیركان'),
(11, 16, 2046, 'شهرک علی اکبر'),
(11, 19, 2175, 'فنوج'),
(11, 18, 1445, 'قصرقند'),
(11, 9, 1447, 'كنارك'),
(11, 6, 2048, 'گشت'),
(11, 12, 2451, 'گلمورتی'),
(11, 1, 2049, 'محمدان'),
(11, 16, 2354, 'محمدآباد'),
(11, 6, 2047, 'محمدی'),
(11, 13, 2355, 'مهرستان'),
(11, 17, 1452, 'میرجاوه'),
(11, 5, 2454, 'نصرت آباد'),
(11, 2, 1444, 'نگور'),
(11, 3, 2452, 'نوك آباد'),
(11, 7, 1448, 'نیك شهر'),
(11, 14, 2613, 'هیدوچ'),
(12, 9, 2752, 'اورامان تخت'),
(12, 1, 2457, 'آرمرده'),
(12, 2, 2460, 'بابارشانی'),
(12, 1, 1454, 'بانه'),
(12, 6, 2753, 'برده رشه'),
(12, 10, 2042, 'بلبان آباد'),
(12, 1, 2459, 'بوئین سفلی'),
(12, 2, 1455, 'بیجار'),
(12, 2, 2785, 'پیرتاج'),
(12, 2, 2784, 'توپ آغاج'),
(12, 6, 2464, 'چناره'),
(12, 5, 2463, 'دزج'),
(12, 5, 2426, 'دلبران'),
(12, 10, 1460, 'دهگلان'),
(12, 7, 1459, 'دیواندره'),
(12, 7, 2465, 'زرینه'),
(12, 9, 2205, 'سروآباد'),
(12, 5, 1461, 'سریش آباد'),
(12, 3, 1456, 'سقز'),
(12, 4, 1458, 'سنندج'),
(12, 4, 1672, 'سنندج 1'),
(12, 4, 1673, 'سنندج 2'),
(12, 4, 1674, 'سنندج 3'),
(12, 4, 2462, 'شویشه'),
(12, 3, 2502, 'صاحب'),
(12, 5, 1462, 'قروه'),
(12, 8, 1457, 'كامیاران'),
(12, 6, 2055, 'كانی دینار'),
(12, 1, 2458, 'كانی سور'),
(12, 6, 1463, 'مریوان'),
(12, 8, 2466, 'موچش'),
(12, 2, 2190, 'یاسوكند'),
(13, 2, 2253, 'ازندریان'),
(13, 6, 1469, 'اسدآباد'),
(13, 6, 2758, 'آجین'),
(13, 3, 2659, 'برزول'),
(13, 7, 1471, 'بهار'),
(13, 1, 1464, 'تویسركان'),
(13, 4, 2254, 'جورقان'),
(13, 2, 2468, 'جوكار'),
(13, 8, 2357, 'دمق'),
(13, 8, 2171, 'رزن'),
(13, 2, 2658, 'زنگنه'),
(13, 2, 1466, 'سامن'),
(13, 1, 1465, 'سركان'),
(13, 5, 2470, 'شیرین سو'),
(13, 7, 2216, 'صالح آباد'),
(13, 9, 2192, 'فامنین'),
(13, 1, 2467, 'فرسفج'),
(13, 3, 2206, 'فیروزان'),
(13, 8, 1470, 'قروه درجزین'),
(13, 4, 2356, 'قهاوند'),
(13, 5, 1473, 'کبودرآهنگ'),
(13, 5, 2469, 'گل تپه'),
(13, 3, 2660, 'گیان'),
(13, 7, 1472, 'لالجین'),
(13, 4, 1474, 'مریانج'),
(13, 2, 1467, 'ملایر'),
(13, 7, 2757, 'مهاجران'),
(13, 3, 1468, 'نهاوند'),
(13, 4, 1475, 'همدان'),
(13, 4, 1691, 'همدان 1'),
(13, 4, 1692, 'همدان 2'),
(13, 4, 2522, 'همدان 3'),
(13, 4, 2523, 'همدان 4'),
(14, 5, 1476, 'اردل'),
(14, 4, 2473, 'آلونی'),
(14, 3, 2124, 'باباحیدر'),
(14, 6, 2841, 'بازفت'),
(14, 1, 1478, 'بروجن'),
(14, 1, 1477, 'بلداجی'),
(14, 9, 1480, 'بن'),
(14, 3, 2730, 'پردنجان'),
(14, 3, 1485, 'جونقان'),
(14, 6, 2360, 'چلگرد'),
(14, 3, 2806, 'چلیچه'),
(14, 7, 2729, 'دستنا'),
(14, 5, 2808, 'دشتک'),
(14, 8, 1481, 'سامان'),
(14, 5, 2809, 'سرخون'),
(14, 4, 2840, 'سردشت'),
(14, 1, 2306, 'سفیددشت'),
(14, 2, 2614, 'سودجان'),
(14, 2, 2113, 'سورشجان'),
(14, 7, 2153, 'شلمزار'),
(14, 2, 1482, 'شهركرد'),
(14, 6, 2839, 'صمصامی'),
(14, 2, 2359, 'طاقانك'),
(14, 3, 1486, 'فارسان'),
(14, 1, 1479, 'فرادبنه'),
(14, 2, 1483, 'فرخ شهر'),
(14, 2, 2123, 'كیان'),
(14, 5, 2807, 'کاج'),
(14, 1, 2152, 'گندمان'),
(14, 7, 2358, 'گهرو'),
(14, 3, 2805, 'گوجان'),
(14, 4, 1487, 'لردگان'),
(14, 4, 2472, 'مال خلیفه'),
(14, 4, 2731, 'منج'),
(14, 7, 2154, 'ناغان'),
(14, 2, 2471, 'نافچ'),
(14, 1, 2706, 'نقنه'),
(14, 2, 2838, 'هارونی'),
(14, 2, 1484, 'هفشجان'),
(14, 9, 2732, 'وردنجان'),
(15, 7, 1488, 'ازنا'),
(15, 2, 1490, 'اشترینان'),
(15, 9, 1493, 'الشتر'),
(15, 1, 1489, 'الیگودرز'),
(15, 2, 1492, 'بروجرد'),
(15, 2, 2688, 'بروجرد1'),
(15, 2, 2689, 'بروجرد2'),
(15, 3, 2475, 'بیران شهر'),
(15, 8, 1497, 'پلدختر'),
(15, 5, 2363, 'چالانچولان'),
(15, 11, 2256, 'چقابل'),
(15, 3, 1496, 'خرم آباد'),
(15, 3, 2685, 'خرم آباد1'),
(15, 3, 2686, 'خرم آباد2'),
(15, 3, 2687, 'خرم آباد3'),
(15, 6, 2615, 'درب گنبد'),
(15, 5, 1491, 'دورود'),
(15, 3, 2361, 'زاغه'),
(15, 3, 2474, 'سپیددشت'),
(15, 10, 2255, 'سراب دوره'),
(15, 1, 2728, 'شول آباد'),
(15, 9, 2367, 'فیروزآباد'),
(15, 6, 1495, 'کوهدشت'),
(15, 6, 2364, 'کوهنانی'),
(15, 6, 2257, 'گراب'),
(15, 8, 2366, 'معمولان'),
(15, 7, 2365, 'مومن آباد'),
(15, 4, 1494, 'نورآباد'),
(15, 4, 2727, 'هفت چشمه'),
(15, 10, 2362, 'ویسیان'),
(16, 8, 1508, 'اركواز'),
(16, 1, 1500, 'ایلام'),
(16, 7, 1498, 'ایوان'),
(16, 6, 1501, 'آبدانان'),
(16, 4, 2617, 'آسمان آباد'),
(16, 10, 1502, 'بدره'),
(16, 4, 2851, 'بلاوه'),
(16, 3, 2127, 'پهله'),
(16, 4, 2574, 'توحید'),
(16, 1, 1499, 'چوار'),
(16, 2, 1503, 'دره شهر'),
(16, 8, 2028, 'دلگشا'),
(16, 3, 1505, 'دهلران'),
(16, 7, 2476, 'زرنه'),
(16, 6, 2056, 'سراب باغ'),
(16, 4, 1507, 'سرابله'),
(16, 4, 2850, 'شباب'),
(16, 5, 1509, 'صالح آباد'),
(16, 9, 2155, 'لومار'),
(16, 2, 2849, 'ماژین'),
(16, 8, 2745, 'مهر'),
(16, 5, 1510, 'مهران'),
(16, 6, 2616, 'مورمورئ'),
(16, 3, 1506, 'موسیان'),
(16, 3, 1504, 'میمه'),
(17, 7, 2130, 'باشت'),
(17, 4, 2084, 'پاتاوه'),
(17, 6, 1513, 'چرام'),
(17, 1, 2083, 'چیتاب'),
(17, 2, 1514, 'دهدشت'),
(17, 3, 1515, 'دوگنبدان'),
(17, 2, 2480, 'دیشموك'),
(17, 6, 2828, 'سرفاریاب'),
(17, 2, 2156, 'سوق'),
(17, 4, 1511, 'سی سخت'),
(17, 2, 2479, 'قلعه رئیسی'),
(17, 1, 2478, 'گراب سفلی'),
(17, 8, 2129, 'لنده'),
(17, 5, 2368, 'لیكك'),
(17, 1, 2023, 'مادوان'),
(17, 1, 2477, 'مارگون'),
(17, 1, 1512, 'یاسوج'),
(18, 8, 2370, 'امام حسن'),
(18, 9, 2087, 'انارستان'),
(18, 2, 1518, 'اهرم'),
(18, 3, 2308, 'آب پخش'),
(18, 2, 2816, 'آباد'),
(18, 5, 2484, 'آبدان'),
(18, 4, 2818, 'بادوله'),
(18, 3, 1520, 'برازجان'),
(18, 5, 2483, 'بردخون'),
(18, 5, 2737, 'بردستان'),
(18, 5, 1522, 'بندردیر'),
(18, 8, 1524, 'بندردیلم'),
(18, 7, 1525, 'بندرریگ'),
(18, 6, 1523, 'بندركنگان'),
(18, 7, 1526, 'بندرگناوه'),
(18, 6, 2620, 'بنك'),
(18, 3, 2817, 'بوشکان'),
(18, 1, 1517, 'بوشهر'),
(18, 1, 2692, 'بوشهر1'),
(18, 1, 2693, 'بوشهر2'),
(18, 3, 2618, 'تنگ ارم'),
(18, 9, 2259, 'جم'),
(18, 1, 2481, 'چغادك'),
(18, 1, 1516, 'خارك'),
(18, 4, 1521, 'خورموج'),
(18, 3, 2369, 'دالكی'),
(18, 2, 2258, 'دلوار'),
(18, 5, 2819, 'دوراهک'),
(18, 9, 2662, 'ریز'),
(18, 3, 1519, 'سعد آباد'),
(18, 6, 2661, 'سیراف'),
(18, 3, 2157, 'شبانكاره'),
(18, 4, 2050, 'شنبه'),
(18, 1, 2867, 'عالی شهر'),
(18, 10, 2621, 'عسلویه'),
(18, 4, 2131, 'كاكی'),
(18, 3, 2619, 'كلمه'),
(18, 10, 2622, 'نخل تقی'),
(18, 3, 2482, 'وحدتیه'),
(19, 1, 1528, 'ابهر'),
(19, 4, 2038, 'ارمغانخانه'),
(19, 8, 2262, 'آب بر'),
(19, 8, 2486, 'چورزق'),
(19, 6, 2485, 'حلب'),
(19, 7, 1529, 'خرمدره'),
(19, 9, 2261, 'دندی'),
(19, 6, 2327, 'زرین آباد'),
(19, 3, 2376, 'زرین رود'),
(19, 4, 1534, 'زنجان'),
(19, 4, 1664, 'زنجان 1'),
(19, 4, 1665, 'زنجان 2'),
(19, 4, 2384, 'زنجان 3'),
(19, 3, 2371, 'سجاس'),
(19, 10, 1527, 'سلطانیه'),
(19, 3, 2039, 'سهرورد'),
(19, 1, 1530, 'صایین قلعه'),
(19, 3, 1533, 'قیدار'),
(19, 3, 2832, 'کرسف'),
(19, 3, 2260, 'گرماب'),
(19, 9, 2207, 'ماه نشان'),
(19, 3, 2833, 'نوربهار'),
(19, 4, 2764, 'نیک پی'),
(19, 1, 1531, 'هیدج'),
(20, 1, 2263, 'امیریه'),
(20, 4, 1548, 'ایوانكی'),
(20, 6, 1549, 'آرادان'),
(20, 3, 1545, 'بسطام'),
(20, 3, 2161, 'بیارجمند'),
(20, 1, 1540, 'دامغان'),
(20, 5, 2022, 'درجزین'),
(20, 1, 2264, 'دیباج'),
(20, 3, 2775, 'رودیان'),
(20, 8, 1541, 'سرخه'),
(20, 2, 1542, 'سمنان'),
(20, 3, 1547, 'شاهرود'),
(20, 5, 1543, 'شهمیرزاد'),
(20, 3, 2160, 'كلاته خیج'),
(20, 1, 2759, 'کلاته'),
(20, 6, 2768, 'کهن آباد'),
(20, 4, 1550, 'گرمسار'),
(20, 3, 1546, 'مجن'),
(20, 5, 1544, 'مهدئ شهر'),
(20, 7, 2162, 'میامی'),
(21, 7, 1293, 'ابركوه'),
(21, 1, 2265, 'احمدآباد'),
(21, 1, 1551, 'اردكان'),
(21, 8, 1560, 'اشكذر'),
(21, 2, 1554, 'بافق'),
(21, 6, 2024, 'بفروییه'),
(21, 11, 1553, 'بهاباد'),
(21, 3, 1555, 'تفت'),
(21, 5, 2163, 'حمیدیا'),
(21, 8, 2377, 'خضرآباد'),
(21, 5, 1561, 'زارچ'),
(21, 5, 2126, 'شاهدیه'),
(21, 1, 2623, 'عقدا'),
(21, 9, 1557, 'مروست'),
(21, 7, 2372, 'مهردشت'),
(21, 4, 1558, 'مهریز'),
(21, 6, 1552, 'میبد'),
(21, 6, 2322, 'ندوشن'),
(21, 3, 1556, 'نیر'),
(21, 9, 1559, 'هرات'),
(21, 5, 1562, 'یزد'),
(21, 5, 1657, 'یزد1'),
(21, 5, 1658, 'یزد2'),
(21, 5, 2525, 'یزد3'),
(22, 1, 1563, 'ابوموسی'),
(22, 9, 1568, 'بستك'),
(22, 6, 1565, 'بندرجاسك'),
(22, 2, 1567, 'بندرعباس'),
(22, 2, 1697, 'بندرعباس 1'),
(22, 2, 1698, 'بندرعباس 2'),
(22, 2, 2091, 'بندرعباس 3'),
(22, 3, 1571, 'بندرلنگه'),
(22, 7, 2006, 'بیکاء'),
(22, 11, 1569, 'پارسیان'),
(22, 2, 2812, 'تازیان پایین'),
(22, 2, 2088, 'تخت'),
(22, 5, 2814, 'تیرور'),
(22, 9, 2625, 'جناح'),
(22, 3, 2266, 'چارك'),
(22, 8, 1566, 'حاجی اباد'),
(22, 10, 1564, 'خمیر'),
(22, 4, 2627, 'درگهان'),
(22, 11, 2751, 'دشتی'),
(22, 7, 1574, 'دهبارز'),
(22, 10, 2005, 'رویدر'),
(22, 7, 2663, 'زیارتعلی'),
(22, 13, 2061, 'سردشت'),
(22, 8, 2092, 'سرگز'),
(22, 5, 2064, 'سندرك'),
(22, 4, 2487, 'سوزا'),
(22, 12, 2267, 'سیریك'),
(22, 8, 2626, 'فارغان'),
(22, 2, 2307, 'فین'),
(22, 4, 1573, 'قشم'),
(22, 2, 2063, 'قلعه قاضی'),
(22, 3, 1570, 'كنگ'),
(22, 11, 2004, 'كوشكنار'),
(22, 3, 2193, 'كیش'),
(22, 12, 2815, 'کوهستک'),
(22, 12, 2724, 'گروک'),
(22, 13, 2062, 'گوهران'),
(22, 3, 2813, 'لمزان'),
(22, 5, 1575, 'میناب'),
(22, 4, 1572, 'هرمز'),
(22, 5, 2003, 'هشتبندئ'),
(23, 10, 2770, 'احمد آباد مستوفی'),
(23, 14, 2634, 'ارجمند'),
(23, 10, 2289, 'اسلام شهر1'),
(23, 10, 2290, 'اسلام شهر2'),
(23, 10, 2560, 'اسلام شهر3'),
(23, 10, 1581, 'اسلامشهر'),
(23, 9, 2633, 'اندیشه'),
(23, 2, 2269, 'آبسرد'),
(23, 2, 2629, 'آبعلی'),
(23, 9, 2632, 'باغستان'),
(23, 3, 2270, 'باقرشهر'),
(23, 20, 2268, 'بومهن'),
(23, 13, 2120, 'پاكدشت'),
(23, 20, 2628, 'پردیس'),
(23, 12, 2826, 'پرند'),
(23, 18, 1592, 'پیشوا'),
(23, 4, 2117, 'تجریش'),
(23, 1, 1576, 'تهران'),
(23, 1, 1601, 'تهران 1'),
(23, 1, 1610, 'تهران 10'),
(23, 1, 1611, 'تهران 11'),
(23, 1, 1612, 'تهران 12'),
(23, 1, 1613, 'تهران 13'),
(23, 1, 1614, 'تهران 14'),
(23, 1, 1615, 'تهران 15'),
(23, 1, 1616, 'تهران 16'),
(23, 1, 1617, 'تهران 17'),
(23, 1, 1618, 'تهران 18'),
(23, 1, 1619, 'تهران 19'),
(23, 1, 1602, 'تهران 2'),
(23, 1, 1620, 'تهران 20'),
(23, 1, 2225, 'تهران 21'),
(23, 1, 2226, 'تهران 22'),
(23, 1, 1603, 'تهران 3'),
(23, 1, 1604, 'تهران 4'),
(23, 1, 1605, 'تهران 5'),
(23, 1, 1606, 'تهران 6'),
(23, 1, 1607, 'تهران 7'),
(23, 1, 1608, 'تهران 8'),
(23, 1, 1609, 'تهران 9'),
(23, 6, 2168, 'جوادآباد'),
(23, 10, 2489, 'چهاردانگه'),
(23, 3, 2167, 'حسن آباد'),
(23, 2, 1578, 'دماوند'),
(23, 12, 1585, 'رباطكریم'),
(23, 2, 1579, 'رودهن'),
(23, 3, 2115, 'رئ'),
(23, 9, 2303, 'شاهدشهر'),
(23, 13, 2490, 'شریف آباد'),
(23, 4, 2778, 'شمشک'),
(23, 9, 1588, 'شهریار'),
(23, 9, 2694, 'شهریار1'),
(23, 9, 2695, 'شهریار2'),
(23, 9, 2696, 'شهریار3'),
(23, 19, 2665, 'صالحیه'),
(23, 9, 2277, 'صباشهر'),
(23, 17, 2373, 'صفادشت'),
(23, 9, 2491, 'فردوسیه'),
(23, 13, 2705, 'فرون اباد'),
(23, 4, 1582, 'فشم'),
(23, 14, 1577, 'فیروزكوه'),
(23, 16, 2116, 'قدس'),
(23, 21, 1593, 'قرچک'),
(23, 3, 2488, 'كهریزك'),
(23, 2, 1580, 'كیلان'),
(23, 19, 2278, 'گلستان'),
(23, 4, 1583, 'لواسان'),
(23, 17, 2217, 'ملارد'),
(23, 19, 2208, 'نسیم شهر'),
(23, 12, 2666, 'نصیرشهر'),
(23, 9, 2293, 'وحیدیه'),
(23, 6, 1594, 'ورامین'),
(24, 1, 1195, 'اردبیل'),
(24, 1, 1662, 'اردبیل 1'),
(24, 1, 1663, 'اردبیل 2'),
(24, 1, 2575, 'اردبیل 3'),
(24, 1, 2852, 'اردبیل 4'),
(24, 6, 2750, 'اسلام اباد'),
(24, 6, 2166, 'اصلاندوز'),
(24, 8, 2493, 'آبی بیگلو'),
(24, 2, 1230, 'بیله سوار'),
(24, 6, 1231, 'پارس آباد'),
(24, 6, 2029, 'تازه كند'),
(24, 5, 2492, 'تازه كندانگوت'),
(24, 2, 2209, 'جعفرآباد'),
(24, 3, 1219, 'خلخال'),
(24, 4, 2300, 'رضی'),
(24, 10, 1196, 'سرعین'),
(24, 8, 2576, 'عنبران'),
(24, 4, 2704, 'فخراباد'),
(24, 4, 2749, 'قصابه'),
(24, 3, 2165, 'كلور'),
(24, 9, 2636, 'كوراییم'),
(24, 5, 1232, 'گرمی'),
(24, 7, 1218, 'گیوئ'),
(24, 4, 2301, 'لاهرود'),
(24, 4, 2723, 'مرادلو'),
(24, 4, 1229, 'مشگین شهر'),
(24, 8, 1197, 'نمین'),
(24, 9, 1198, 'نیر'),
(24, 3, 2164, 'هشتجین'),
(24, 1, 2299, 'هیر'),
(25, 1, 2274, 'جعفریه'),
(25, 1, 2515, 'دستجرد'),
(25, 1, 2027, 'سلفچگان'),
(25, 1, 1114, 'قم'),
(25, 1, 2221, 'قم 1'),
(25, 1, 2222, 'قم 2'),
(25, 1, 2223, 'قم 3'),
(25, 1, 2224, 'قم 4'),
(25, 1, 2096, 'قم 5'),
(25, 1, 2097, 'قم 6'),
(25, 1, 2810, 'قم 7'),
(25, 1, 2811, 'قم 8'),
(25, 1, 2516, 'قنوات'),
(25, 1, 2275, 'کهک'),
(26, 1, 2577, 'ارداق'),
(26, 2, 2114, 'اسفرورین'),
(26, 3, 2125, 'اقبالیه'),
(26, 5, 1539, 'الوند'),
(26, 6, 2517, 'آبگرم'),
(26, 4, 1535, 'آبیك'),
(26, 6, 1536, 'آوج'),
(26, 1, 1537, 'بوئین زهرا'),
(26, 5, 2578, 'بیدستان'),
(26, 2, 1532, 'تاكستان'),
(26, 4, 2637, 'خاكعلی'),
(26, 2, 2374, 'خرمدشت'),
(26, 1, 2159, 'دانسفهان'),
(26, 3, 2495, 'رازمیان'),
(26, 1, 2638, 'سگزآباد'),
(26, 3, 2667, 'سیردان'),
(26, 1, 1538, 'شال'),
(26, 5, 2040, 'شریفیه'),
(26, 2, 2158, 'ضیاڈآباد'),
(26, 3, 1595, 'قزوین'),
(26, 3, 2291, 'قزوین 1'),
(26, 3, 2292, 'قزوین 2'),
(26, 3, 2520, 'قزوین 3'),
(26, 3, 2703, 'قزوین 4'),
(26, 3, 2579, 'كوهین'),
(26, 5, 2218, 'محمدیه'),
(26, 3, 2375, 'محمودآبادنمونه'),
(26, 3, 2494, 'معلم كلایه'),
(26, 2, 2639, 'نرجه'),
(27, 8, 2509, 'انبارآلوم'),
(27, 6, 2496, 'اینچه برون'),
(27, 10, 1182, 'آزادشهر'),
(27, 8, 1180, 'آق قلا'),
(27, 2, 1156, 'بندرتركمن'),
(27, 1, 1178, 'بندرگز'),
(27, 11, 2765, 'تاتارعلیا'),
(27, 5, 2018, 'جلین'),
(27, 11, 1183, 'خان ببین'),
(27, 11, 2195, 'دلند'),
(27, 11, 1184, 'رامیان'),
(27, 5, 2508, 'سرخنكلاته'),
(27, 3, 2837, 'سنگدوین'),
(27, 13, 2580, 'سیمین شهر'),
(27, 3, 1174, 'علی اباد'),
(27, 3, 2507, 'فاضل آباد'),
(27, 9, 2835, 'فراغی'),
(27, 5, 2868, 'قرق'),
(27, 4, 1179, 'كردكوئ'),
(27, 9, 1185, 'كلاله'),
(27, 14, 1187, 'گالیكش'),
(27, 5, 1181, 'گرگان'),
(27, 5, 2697, 'گرگان 1'),
(27, 5, 2698, 'گرگان 2'),
(27, 5, 2866, 'گرگان 3'),
(27, 13, 1155, 'گمیش تپه'),
(27, 6, 1186, 'گنبدكاووس'),
(27, 12, 2498, 'مراوه'),
(27, 3, 2836, 'مزرعه'),
(27, 7, 1188, 'مینودشت'),
(27, 10, 2640, 'نگین شهر'),
(27, 10, 2581, 'نوده خاندوز'),
(27, 1, 2194, 'نوكنده'),
(28, 1, 1349, 'اسفراین'),
(28, 7, 2053, 'ایور'),
(28, 6, 1352, 'آشخانه'),
(28, 6, 2848, 'آوا'),
(28, 2, 1353, 'بجنورد'),
(28, 2, 2699, 'بجنورد1'),
(28, 2, 2700, 'بجنورد2'),
(28, 6, 2568, 'پیش قلعه'),
(28, 5, 2079, 'تیتكانلو'),
(28, 3, 1350, 'جاجرم'),
(28, 2, 2847, 'چناران شهر'),
(28, 2, 2431, 'حصارگرمخان'),
(28, 7, 2641, 'درق'),
(28, 8, 2132, 'راز'),
(28, 4, 2845, 'زیارت'),
(28, 3, 2432, 'سنخواست'),
(28, 3, 2433, 'شوقان'),
(28, 4, 1368, 'شیروان'),
(28, 1, 2430, 'صفی آباد'),
(28, 5, 1377, 'فاروج'),
(28, 6, 2567, 'قاضی'),
(28, 4, 2846, 'قوشخانه'),
(28, 7, 2054, 'گرمه'),
(28, 4, 2435, 'لوجلی'),
(29, 8, 2726, 'ارسك'),
(29, 2, 2276, 'اسدیه'),
(29, 4, 2643, 'اسفدن'),
(29, 7, 1372, 'اسلامیه'),
(29, 4, 2645, 'آرین شهر'),
(29, 6, 2346, 'آیسك'),
(29, 8, 1370, 'بشرویه'),
(29, 1, 1355, 'بیرجند'),
(29, 1, 2701, 'بیرجند1'),
(29, 1, 2702, 'بیرجند2'),
(29, 9, 2347, 'حاجی آباد'),
(29, 4, 1374, 'خضرئ دشت بیاض'),
(29, 10, 2242, 'خوسف'),
(29, 11, 2624, 'دیهوك'),
(29, 9, 2644, 'زهان'),
(29, 6, 1371, 'سرایان'),
(29, 3, 1354, 'سربیشه'),
(29, 6, 2563, 'سه قلعه'),
(29, 5, 2441, 'شوسف'),
(29, 11, 1369, 'طبس'),
(29, 2, 2052, 'طبس مسینا'),
(29, 11, 2345, 'عشق آباد'),
(29, 7, 1373, 'فردوس'),
(29, 4, 1375, 'قائن'),
(29, 2, 2051, 'قهستان'),
(29, 2, 2725, 'گزیك'),
(29, 10, 2019, 'محمدشهر'),
(29, 3, 2642, 'مود'),
(29, 5, 1356, 'نهبندان'),
(29, 4, 2646, 'نیمبلوك'),
(30, 5, 1584, 'اشتهارد'),
(30, 1, 2070, 'آسارا'),
(30, 3, 2025, 'تنکمان'),
(30, 2, 2631, 'چهارباغ'),
(30, 2, 2664, 'شهرجدیدهشتگرد'),
(30, 4, 2169, 'طالقان'),
(30, 6, 2282, 'فردیس'),
(30, 1, 1590, 'کرج'),
(30, 1, 2280, 'کرج 1'),
(30, 1, 2540, 'کرج 10'),
(30, 1, 2766, 'کرج 11'),
(30, 1, 2767, 'کرج 12'),
(30, 1, 2281, 'کرج 2'),
(30, 1, 2283, 'کرج 4'),
(30, 1, 2284, 'کرج 5'),
(30, 1, 2285, 'کرج 6'),
(30, 1, 2286, 'کرج 7'),
(30, 1, 2287, 'کرج 8'),
(30, 1, 2288, 'کرج 9'),
(30, 1, 2272, 'کمال شهر'),
(30, 2, 2630, 'کوهسار'),
(30, 1, 2635, 'گرمدره'),
(30, 2, 2026, 'گلسار'),
(30, 1, 2118, 'ماهدشت'),
(30, 1, 2273, 'محمدشهر'),
(30, 6, 2271, 'مشکین دشت'),
(30, 3, 1586, 'نظرآباد'),
(30, 2, 1587, 'هشتگرد');

-- --------------------------------------------------------

--
-- Table structure for table `ostan`
--

CREATE TABLE `ostan` (
  `OSTAN` int(11) DEFAULT NULL,
  `Ostan_Name` varchar(18) CHARACTER SET utf8 DEFAULT NULL
) ENGINE=MyISAM DEFAULT CHARSET=latin1;

--
-- Dumping data for table `ostan`
--

INSERT INTO `ostan` (`OSTAN`, `Ostan_Name`) VALUES
(0, 'مرکزی'),
(1, 'گیلان'),
(2, 'مازندران'),
(3, 'آذربایجان شرقی'),
(4, 'آذربایجان غربی'),
(5, 'کرمانشاه'),
(6, 'خوزستان'),
(7, 'فارس'),
(8, 'كرمان'),
(9, 'خراسان رضوئ'),
(10, 'اصفهان'),
(11, 'سیستان وبلوچستان'),
(12, 'كردستان'),
(13, 'همدان'),
(14, 'چهارمحال وبختیارئ'),
(15, 'لرستان'),
(16, 'ایلام'),
(17, 'كهگیلویه وبویراحمد'),
(18, 'بوشهر'),
(19, 'زنجان'),
(20, 'سمنان'),
(21, 'یزد'),
(22, 'هرمزگان'),
(23, 'تهران'),
(24, 'اردبیل'),
(25, 'قم'),
(26, 'قزوین'),
(27, 'گلستان'),
(28, 'خراسان شمالی'),
(29, 'خراسان جنوبی'),
(30, 'البرز');

-- --------------------------------------------------------

--
-- Table structure for table `shahrestan`
--

CREATE TABLE `shahrestan` (
  `ostan` int(11) NOT NULL,
  `shahrestan` int(11) NOT NULL,
  `shahrestan_name` varchar(16) CHARACTER SET utf8 NOT NULL
) ENGINE=MyISAM DEFAULT CHARSET=latin1;

--
-- Dumping data for table `shahrestan`
--

INSERT INTO `shahrestan` (`ostan`, `shahrestan`, `shahrestan_name`) VALUES
(0, 1, 'اراک'),
(0, 7, 'شازند'),
(0, 2, 'آشتیان'),
(0, 6, 'ساوه'),
(0, 10, 'زرندیه'),
(0, 3, 'تفرش'),
(0, 12, 'خنداب'),
(0, 4, 'خمین'),
(0, 13, 'فراهان'),
(0, 5, 'دلیجان'),
(0, 11, 'کمیجان'),
(0, 9, 'محلات'),
(1, 12, 'شفت'),
(1, 4, 'طوالش'),
(1, 10, 'لنگرود'),
(1, 13, 'املش'),
(1, 1, 'آستارا'),
(1, 2, 'آستانه اشرفیه'),
(1, 16, 'ماسال'),
(1, 6, 'رودبار'),
(1, 3, 'بندرانزلی'),
(1, 14, 'رضوانشهر'),
(1, 7, 'رودسر'),
(1, 5, 'رشت'),
(1, 15, 'سیاهكل'),
(1, 11, 'لاهیجان'),
(1, 8, 'صومعه سرا'),
(1, 9, 'فومن'),
(2, 10, 'قائم شهر'),
(2, 1, 'آمل'),
(2, 2, 'بابل'),
(2, 14, 'نور'),
(2, 8, 'سوادكوه'),
(2, 16, 'بابلسر'),
(2, 4, 'بهشهر'),
(2, 7, 'سارئ'),
(2, 15, 'نوشهر'),
(2, 5, 'تنكابن'),
(2, 21, 'جویبار'),
(2, 20, 'چالوس'),
(2, 6, 'رامسر'),
(2, 18, 'محمودآباد'),
(2, 24, 'عباس آباد'),
(2, 25, 'میاندورود'),
(2, 27, 'سوادکوه شمالی'),
(2, 23, 'فریدونكنار'),
(2, 28, 'کلاردشت'),
(2, 26, 'سیمرغ'),
(2, 22, 'گلوگاه'),
(2, 19, 'نكا'),
(3, 10, 'میانه'),
(3, 22, 'اسکو'),
(3, 2, 'اهر'),
(3, 15, 'کلیبر'),
(3, 21, 'آذرشهر'),
(3, 3, 'تبریز'),
(3, 16, 'هریس'),
(3, 13, 'بستان آباد'),
(3, 12, 'بناب'),
(3, 7, 'مرند'),
(3, 14, 'شبستر'),
(3, 19, 'جلفا'),
(3, 25, 'عجب شیر'),
(3, 24, 'ورزقان'),
(3, 6, 'مراغه'),
(3, 26, 'خداآفرین'),
(3, 5, 'سراب'),
(3, 23, 'چاراویماق'),
(3, 20, 'ملکان'),
(3, 11, 'هشترود'),
(4, 1, 'ارومیه'),
(4, 13, 'اشنویه'),
(4, 3, 'خوئ'),
(4, 14, 'چالدران'),
(4, 8, 'میاندوآب'),
(4, 6, 'ماكو'),
(4, 10, 'بوكان'),
(4, 15, 'پلدشت'),
(4, 2, 'پیرانشهر'),
(4, 5, 'سلماس'),
(4, 12, 'تكاب'),
(4, 7, 'مهاباد'),
(4, 4, 'سردشت'),
(4, 11, 'شاهین دژ'),
(4, 17, 'شوط'),
(4, 16, 'چایپاره'),
(4, 9, 'نقده'),
(5, 12, 'ثلاث باباجانی'),
(5, 1, 'اسلام آبادغرب'),
(5, 3, 'پاوه'),
(5, 11, 'هرسین'),
(5, 9, 'جوانرود'),
(5, 2, 'کرمانشاه'),
(5, 14, 'روانسر'),
(5, 13, 'دالاهو'),
(5, 4, 'سرپل ذهاب'),
(5, 8, 'گیلانغرب'),
(5, 5, 'سنقر'),
(5, 6, 'قصرشیرین'),
(5, 10, 'صحنه'),
(5, 7, 'کنگاور'),
(6, 9, 'دشت آزادگان'),
(6, 1, 'آبادان'),
(6, 3, 'اهواز'),
(6, 14, 'شوش'),
(6, 16, 'امیدیه'),
(6, 2, 'اندیمشک'),
(6, 4, 'ایذه'),
(6, 21, 'اندیکا'),
(6, 26, 'آغاجاری'),
(6, 15, 'باغ ملک'),
(6, 5, 'بندرماهشهر'),
(6, 6, 'بهبهان'),
(6, 20, 'گتوند'),
(6, 8, 'دزفول'),
(6, 25, 'حمیدیه'),
(6, 7, 'خرمشهر'),
(6, 11, 'شادگان'),
(6, 19, 'رامشیر'),
(6, 10, 'رامهرمز'),
(6, 23, 'هویزه'),
(6, 18, 'هندیجان'),
(6, 12, 'شوشتر'),
(6, 24, 'باوی'),
(6, 27, 'کارون'),
(6, 13, 'مسجدسلیمان'),
(6, 17, 'لالی'),
(6, 22, 'هفتکل'),
(7, 6, 'سپیدان'),
(7, 17, 'ارسنجان'),
(7, 2, 'استهبان'),
(7, 21, 'مهر'),
(7, 15, 'لامرد'),
(7, 20, 'قیروکارزین'),
(7, 3, 'اقلید'),
(7, 11, 'لارستان'),
(7, 1, 'آباده'),
(7, 14, 'نی ریز'),
(7, 4, 'جهرم'),
(7, 13, 'ممسنی'),
(7, 10, 'کازرون'),
(7, 16, 'بوانات'),
(7, 5, 'داراب'),
(7, 19, 'زرین دشت'),
(7, 7, 'شیراز'),
(7, 12, 'مرودشت'),
(7, 29, 'خرامه'),
(7, 24, 'خنج'),
(7, 22, 'فراشبند'),
(7, 8, 'فسا'),
(7, 25, 'سروستان'),
(7, 23, 'پاسارگاد'),
(7, 18, 'خرم بید'),
(7, 9, 'فیروزآباد'),
(7, 28, 'کوار'),
(7, 26, 'رستم'),
(7, 27, 'گراش'),
(8, 8, 'كرمان'),
(8, 23, 'ارزوئیه'),
(8, 20, 'انار'),
(8, 1, 'بافت'),
(8, 10, 'بردسیر'),
(8, 2, 'بم'),
(8, 6, 'سیرجان'),
(8, 3, 'جیرفت'),
(8, 4, 'رفسنجان'),
(8, 7, 'شهربابك'),
(8, 5, 'زرند'),
(8, 12, 'عنبرآباد'),
(8, 18, 'رابر'),
(8, 11, 'راور'),
(8, 15, 'رودبارجنوب'),
(8, 22, 'فاریاب'),
(8, 19, 'فهرج'),
(8, 16, 'قلعه گنج'),
(8, 9, 'كهنوج'),
(8, 14, 'كوهبنان'),
(8, 17, 'ریگان'),
(8, 13, 'منوجان'),
(8, 21, 'نرماشیر'),
(9, 6, 'تربت جام'),
(9, 23, 'بردسكن'),
(9, 13, 'قوچان'),
(9, 37, 'باخرز'),
(9, 17, 'نیشابور'),
(9, 5, 'تربت حیدریه'),
(9, 31, 'بجستان'),
(9, 15, 'گناباد'),
(9, 4, 'تایباد'),
(9, 34, 'جغتای'),
(9, 27, 'رشتخوار'),
(9, 7, 'درگز'),
(9, 18, 'چناران'),
(9, 29, 'خلیل آباد'),
(9, 19, 'خواف'),
(9, 39, 'داورزن'),
(9, 35, 'زاوه'),
(9, 16, 'مشهد'),
(9, 8, 'سبزوار'),
(9, 14, 'كاشمر'),
(9, 20, 'سرخس'),
(9, 22, 'فریمان'),
(9, 38, 'خوشاب'),
(9, 30, 'مه ولات'),
(9, 32, 'بینالود'),
(9, 28, 'كلات'),
(9, 33, 'فیروزه'),
(9, 36, 'جوین'),
(10, 8, 'فلاورجان'),
(10, 18, 'آران وبیدگل'),
(10, 1, 'اردستان'),
(10, 2, 'اصفهان'),
(10, 3, 'خمینی شهر'),
(10, 24, 'بو یین و میاندشت'),
(10, 13, 'نایین'),
(10, 15, 'نطنز'),
(10, 12, 'لنجان'),
(10, 10, 'کاشان'),
(10, 7, 'فریدونشهر'),
(10, 19, 'تیران وکرون'),
(10, 23, 'خور و بیابانک'),
(10, 14, 'نجف آباد'),
(10, 20, 'چادگان'),
(10, 22, 'برخوار'),
(10, 5, 'سمیرم'),
(10, 4, 'خوانسار'),
(10, 6, 'فریدن'),
(10, 21, 'دهاقان'),
(10, 17, 'مبارکه'),
(10, 16, 'شاهین شهرومیمه'),
(10, 9, 'شهرضا'),
(10, 11, 'گلپایگان'),
(11, 15, 'نیمروز'),
(11, 7, 'نیك شهر'),
(11, 1, 'ایرانشهر'),
(11, 4, 'زابل'),
(11, 8, 'سرباز'),
(11, 6, 'سراوان'),
(11, 2, 'چابهار'),
(11, 3, 'خاش'),
(11, 11, 'هیرمند'),
(11, 5, 'زاهدان'),
(11, 9, 'كنارك'),
(11, 10, 'زهك'),
(11, 14, 'سیب و سوران'),
(11, 16, 'هامون'),
(11, 19, 'فنوج'),
(11, 18, 'قصرقند'),
(11, 12, 'دلگان'),
(11, 13, 'مهرستان'),
(11, 17, 'میرجاوه'),
(12, 9, 'سروآباد'),
(12, 1, 'بانه'),
(12, 2, 'بیجار'),
(12, 6, 'مریوان'),
(12, 10, 'دهگلان'),
(12, 5, 'قروه'),
(12, 7, 'دیواندره'),
(12, 3, 'سقز'),
(12, 4, 'سنندج'),
(12, 8, 'كامیاران'),
(13, 2, 'ملایر'),
(13, 6, 'اسدآباد'),
(13, 3, 'نهاوند'),
(13, 7, 'بهار'),
(13, 1, 'تویسركان'),
(13, 4, 'همدان'),
(13, 8, 'رزن'),
(13, 5, 'كبودرآهنگ'),
(13, 9, 'فامنین'),
(14, 5, 'اردل'),
(14, 4, 'لردگان'),
(14, 3, 'فارسان'),
(14, 6, 'كوهرنگ'),
(14, 1, 'بروجن'),
(14, 9, 'بن'),
(14, 7, 'كیار'),
(14, 8, 'سامان'),
(14, 2, 'شهركرد'),
(15, 7, 'ازنا'),
(15, 2, 'بروجرد'),
(15, 9, 'سلسله'),
(15, 1, 'الیگودرز'),
(15, 3, 'خرم آباد'),
(15, 8, 'پلدختر'),
(15, 5, 'دورود'),
(15, 11, 'رومشکان'),
(15, 6, 'کوهدشت'),
(15, 10, 'دوره'),
(15, 4, 'دلفان'),
(16, 8, 'ملكشاهی'),
(16, 1, 'ایلام'),
(16, 7, 'ایوان'),
(16, 6, 'آبدانان'),
(16, 4, 'چرداول'),
(16, 10, 'بدره'),
(16, 3, 'دهلران'),
(16, 2, 'دره شهر'),
(16, 5, 'مهران'),
(16, 9, 'سیروان'),
(17, 7, 'باشت'),
(17, 4, 'دنا'),
(17, 6, 'چرام'),
(17, 1, 'بویراحمد'),
(17, 2, 'كهگیلویه'),
(17, 3, 'گچساران'),
(17, 8, 'لنده'),
(17, 5, 'بهمئی'),
(18, 8, 'دیلم'),
(18, 9, 'جم'),
(18, 2, 'تنگستان'),
(18, 3, 'دشتستان'),
(18, 5, 'دیر'),
(18, 4, 'دشتی'),
(18, 7, 'گناوه'),
(18, 6, 'كنگان'),
(18, 1, 'بوشهر'),
(18, 10, 'عسلویه'),
(19, 1, 'ابهر'),
(19, 4, 'زنجان'),
(19, 8, 'طارم'),
(19, 6, 'ایجرود'),
(19, 7, 'خرمدره'),
(19, 9, 'ماهنشان'),
(19, 3, 'خدابنده'),
(19, 10, 'سلطانیه'),
(20, 1, 'دامغان'),
(20, 4, 'گرمسار'),
(20, 6, 'آرادان'),
(20, 3, 'شاهرود'),
(20, 5, 'مهدئ شهر'),
(20, 8, 'سرخه'),
(20, 2, 'سمنان'),
(20, 7, 'میامی'),
(21, 7, 'ابركوه'),
(21, 1, 'اردكان'),
(21, 8, 'اشکذر'),
(21, 2, 'بافق'),
(21, 6, 'میبد'),
(21, 11, 'بهاباد'),
(21, 3, 'تفت'),
(21, 5, 'یزد'),
(21, 9, 'خاتم'),
(21, 4, 'مهریز'),
(22, 1, 'ابوموسی'),
(22, 9, 'بستك'),
(22, 6, 'جاسك'),
(22, 2, 'بندرعباس'),
(22, 3, 'بندرلنگه'),
(22, 7, 'رودان'),
(22, 11, 'پارسیان'),
(22, 5, 'میناب'),
(22, 8, 'حاجی اباد'),
(22, 10, 'خمیر'),
(22, 4, 'قشم'),
(22, 13, 'بشاگرد'),
(22, 12, 'سیریك'),
(23, 10, 'اسلامشهر'),
(23, 14, 'فیروزكوه'),
(23, 9, 'شهریار'),
(23, 2, 'دماوند'),
(23, 3, 'رئ'),
(23, 20, 'پردیس'),
(23, 13, 'پاكدشت'),
(23, 12, 'رباطكریم'),
(23, 18, 'پیشوا'),
(23, 4, 'شمیرانات'),
(23, 1, 'تهران'),
(23, 6, 'ورامین'),
(23, 19, 'بهارستان'),
(23, 17, 'ملارد'),
(23, 16, 'قدس'),
(23, 21, 'قرچک'),
(24, 1, 'اردبیل'),
(24, 6, 'پارس آباد'),
(24, 8, 'نمین'),
(24, 2, 'بیله سوار'),
(24, 5, 'گرمی'),
(24, 3, 'خلخال'),
(24, 4, 'مشگین شهر'),
(24, 10, 'سرعین'),
(24, 9, 'نیر'),
(24, 7, 'كوثر'),
(25, 1, 'قم'),
(26, 1, 'بوئین زهرا'),
(26, 2, 'تاكستان'),
(26, 3, 'قزوین'),
(26, 5, 'البرز'),
(26, 6, 'آوج'),
(26, 4, 'آبیك'),
(27, 8, 'آق قلا'),
(27, 6, 'گنبدكاووس'),
(27, 10, 'آزادشهر'),
(27, 2, 'تركمن'),
(27, 1, 'بندرگز'),
(27, 11, 'رامیان'),
(27, 5, 'گرگان'),
(27, 3, 'علی آباد'),
(27, 13, 'گمیشان'),
(27, 9, 'كلاله'),
(27, 4, 'كردكوئ'),
(27, 14, 'گالیكش'),
(27, 12, 'مراوه تپه'),
(27, 7, 'مینودشت'),
(28, 1, 'اسفراین'),
(28, 7, 'گرمه'),
(28, 6, 'مانه وسملقان'),
(28, 2, 'بجنورد'),
(28, 5, 'فاروج'),
(28, 3, 'جاجرم'),
(28, 8, 'راز و جرگلان'),
(28, 4, 'شیروان'),
(29, 8, 'بشرویه'),
(29, 2, 'درمیان'),
(29, 4, 'قائنات'),
(29, 7, 'فردوس'),
(29, 6, 'سرایان'),
(29, 1, 'بیرجند'),
(29, 9, 'زیرکوه'),
(29, 10, 'خوسف'),
(29, 11, 'طبس'),
(29, 3, 'سربیشه'),
(29, 5, 'نهبندان'),
(30, 5, 'اشتهارد'),
(30, 1, 'کرج'),
(30, 3, 'نظرآباد'),
(30, 2, 'ساوجبلاغ'),
(30, 4, 'طالقان'),
(30, 6, 'فردیس');
